Date,Portfolio_Value
2020-01-03,10025.792022139472
2020-01-06,10045.798780037616
2020-01-07,10034.706002955352
2020-01-08,10065.480868241582
2020-01-09,10174.97985117627
2020-01-10,10164.370969601892
2020-01-13,10296.090874301093
2020-01-14,10281.794749405492
2020-01-15,10345.902808904328
2020-01-16,10423.40194825582
2020-01-17,10485.04701841568
2020-01-21,10436.21253072235
2020-01-22,10435.176786935872
2020-01-23,10442.398633376764
2020-01-24,10456.330350492091
2020-01-27,10366.475354204598
2020-01-28,10457.166226414258
2020-01-29,10516.339888343076
2020-01-30,10534.99584750367
2020-01-31,10329.98404406553
2020-02-03,10320.565420921532
2020-02-04,10496.150223576744
2020-02-05,10600.36209058867
2020-02-06,10663.125191408732
2020-02-07,10579.219271398222
2020-02-10,10621.892219667694
2020-02-11,10610.07694356129
2020-02-12,10671.501777846572
2020-02-13,10645.700691771995
2020-02-14,10654.59045580479
2020-02-18,10583.19659011538
2020-02-19,10597.30272518832
2020-02-20,10506.485095031829
2020-02-21,10471.153218234937
2020-02-24,10143.748140136502
2020-02-25,9899.133932486482
2020-02-26,9937.437769105958
2020-02-27,9497.148633113682
2020-02-28,9429.13899272956
2020-03-02,9916.521978629371
2020-03-03,9697.77637355882
2020-03-04,10242.711430800251
2020-03-05,9925.15243755507
2020-03-06,9820.952047314373
2020-03-09,9210.907670689825
2020-03-10,9530.790639223604
2020-03-11,9051.117167486496
2020-03-12,8142.351877443739
2020-03-13,8806.315226725083
2020-03-16,7884.323956669295
2020-03-17,8516.405646340418
2020-03-18,8287.151301819606
2020-03-19,8053.42950412885
2020-03-20,7641.255364223
2020-03-23,7421.4296971763215
2020-03-24,8087.080656198923
2020-03-25,8440.708320145051
2020-03-26,8971.246910080245
2020-03-27,8710.403061998422
2020-03-30,9078.519090188456
2020-03-31,8885.448164459594
2020-04-01,8501.894365812343
2020-04-02,8738.31303561338
2020-04-03,8643.817203713967
2020-04-06,9163.293332518448
2020-04-07,9008.927948493028
2020-04-08,9208.640066601134
2020-04-09,9382.89238074665
2020-04-13,9306.24104908887
2020-04-14,9624.180340904184
2020-04-15,9475.882715386857
2020-04-16,9549.295173416203
2020-04-17,9866.60367929674
2020-04-20,9627.16479799394
2020-04-21,9448.095635220203
2020-04-22,9698.192770919162
2020-04-23,9594.639716311123
2020-04-24,9669.10023951654
2020-04-27,9707.974199237176
2020-04-28,9661.53489796485
2020-04-29,9726.434609293825
2020-04-30,9699.808176136346
2020-05-01,9555.940094131734
2020-05-04,9555.540727359694
2020-05-05,9622.12331093669
2020-05-06,9492.66074352915
2020-05-07,9569.660176955365
2020-05-08,9734.01659656338
2020-05-11,9712.100093013692
2020-05-12,9608.092894721714
2020-05-13,9504.298066955655
2020-05-14,9495.602248767389
2020-05-15,9505.218007325018
2020-05-18,9825.666222799686
2020-05-19,9740.331633088557
2020-05-20,9783.630840819038
2020-05-21,9749.663502930642
2020-05-22,9759.41694937279
2020-05-26,9815.879175307111
2020-05-27,10089.615194734723
2020-05-28,10269.870429901846
2020-05-29,10265.436904586684
2020-06-01,10309.312099684908
2020-06-02,10374.705834028468
2020-06-03,10549.373865790376
2020-06-04,10428.426341597458
2020-06-05,10602.721093564576
2020-06-08,10686.890951508536
2020-06-09,10671.069709912157
2020-06-10,10736.379119283049
2020-06-11,10188.491434011456
2020-06-12,10267.090975018216
2020-06-15,10222.588582757857
2020-06-16,10357.296476009173
2020-06-17,10360.025581884262
2020-06-18,10317.424684891543
2020-06-19,10213.17215898061
2020-06-22,10364.016769689477
2020-06-23,10393.533469513
2020-06-24,10190.631735963634
2020-06-25,10241.417571209724
2020-06-26,10094.396069154163
2020-06-29,10246.224322407734
2020-06-30,10303.683816421912
2020-07-01,10331.586651122148
2020-07-02,10392.177308400182
2020-07-06,10509.773030196451
2020-07-07,10430.722741126418
2020-07-08,10547.795386388067
2020-07-09,10461.562605874482
2020-07-10,10583.823507637933
2020-07-13,10623.608746970083
2020-07-14,10793.559819695527
2020-07-15,10862.424347482325
2020-07-16,10920.749288617424
2020-07-17,11013.419468864577
2020-07-20,11050.260066278945
2020-07-21,11083.066950563252
2020-07-22,11241.672087766763
2020-07-23,11062.685572874741
2020-07-24,11037.469130053812
2020-07-27,10974.28410234836
2020-07-28,10961.150031601248
2020-07-29,11046.76807137955
2020-07-30,10994.799425760935
2020-07-31,11112.303781181492
2020-08-03,11195.333573701553
2020-08-04,11271.726780986195
2020-08-05,11351.375656459879
2020-08-06,11403.140928857234
2020-08-07,11417.42855073054
2020-08-10,11416.3731851875
2020-08-11,11327.863579109118
2020-08-12,11589.16350239214
2020-08-13,11583.52477989036
2020-08-14,11545.855515490563
2020-08-17,11579.693808726573
2020-08-18,11617.054968324706
2020-08-19,11599.629779425613
2020-08-20,11646.365354642387
2020-08-21,11797.592565713087
2020-08-24,11913.356443983042
2020-08-25,11916.487363854505
2020-08-26,11972.08580255514
2020-08-27,11935.634369781446
2020-08-28,11949.480861447082
2020-08-31,11984.916629779105
2020-09-01,12029.545926862751
2020-09-02,12257.698532858303
2020-09-03,11826.982277831425
2020-09-04,11786.379745131258
2020-09-08,11541.565862033407
2020-09-09,11745.424494762134
2020-09-10,11533.51381749839
2020-09-11,11692.582091678292
2020-09-14,11845.808334375357
2020-09-15,11982.870909135881
2020-09-16,11794.760207893578
2020-09-17,11731.537165449367
2020-09-18,11630.270772100803
2020-09-21,11426.719356742115
2020-09-22,11481.307638189332
2020-09-23,11316.567308659785
2020-09-24,11387.732295288055
2020-09-25,11572.84202362211
2020-09-28,11702.596744305418
2020-09-29,11706.260960258642
2020-09-30,11648.503194241543
2020-10-01,11714.461495300846
2020-10-02,11602.911268425298
2020-10-05,11832.827159903507
2020-10-06,11660.585499395876
2020-10-07,11843.20177241336
2020-10-08,11908.639175641607
2020-10-09,12023.40643830741
2020-10-12,12255.352485717252
2020-10-13,12076.142798977588
2020-10-14,12029.963502808128
2020-10-15,12061.380234926504
2020-10-16,12146.725706638086
2020-10-19,11943.21115841689
2020-10-20,11938.228962185347
2020-10-21,11839.372875978173
2020-10-22,11862.603406582297
2020-10-23,11921.21809281809
2020-10-26,11805.403649377844
2020-10-27,11756.876365120517
2020-10-28,11352.60647997705
2020-10-29,11435.070107958962
2020-10-30,11250.466872428093
2020-11-02,11357.345698837855
2020-11-03,11541.841931495735
2020-11-04,11664.573309975618
2020-11-05,11868.938661710677
2020-11-06,11924.817667998688
2020-11-09,12076.860800854287
2020-11-10,12243.437636498218
2020-11-11,12404.938670636457
2020-11-12,12277.914065319655
2020-11-13,12392.411753299653
2020-11-16,12497.202171918962
2020-11-17,12428.242806648686
2020-11-18,12359.821377213328
2020-11-19,12382.441067727821
2020-11-20,12311.319181667692
2020-11-23,12190.348216957456
2020-11-24,12315.79338405286
2020-11-25,12378.616452201217
2020-11-27,12339.658776637354
2020-11-30,12254.093150370538
2020-12-01,12507.691105610897
2020-12-02,12512.019965936439
2020-12-03,12488.770413542648
2020-12-04,12482.807595914606
2020-12-07,12474.649637677003
2020-12-08,12554.891398367397
2020-12-09,12518.629045734853
2020-12-10,12521.050552580124
2020-12-11,12575.527830352414
2020-12-14,12501.485752507928
2020-12-15,12717.778212303445
2020-12-16,12643.817543524003
2020-12-17,12731.482869327698
2020-12-18,12691.9155794321
2020-12-21,12627.986857771193
2020-12-22,12670.304573661635
2020-12-23,12675.353654752218
2020-12-24,12731.729035968172
2020-12-28,12913.320436974669
2020-12-29,12933.515812486225
2020-12-30,12972.955451766356
2020-12-31,12999.97491428591
2021-01-04,12747.522124960842
2021-01-05,12868.62649146263
2021-01-06,12878.09377009934
2021-01-07,13032.57713475535
2021-01-08,13115.208960072123
2021-01-11,12973.808013310641
2021-01-12,12965.218329601566
2021-01-13,13072.01252063558
2021-01-14,13070.17407963659
2021-01-15,12948.54898174772
2021-01-19,12982.649594674225
2021-01-20,13183.940612914243
2021-01-21,13256.111147497664
2021-01-22,13376.371885607474
2021-01-25,13549.3365586627
2021-01-26,13563.41699791688
2021-01-27,13229.270067039844
2021-01-28,13286.019246282052
2021-01-29,12923.644582265253
2021-02-01,13045.47427969304
2021-02-02,13210.595120830581
2021-02-03,13181.195830501445
2021-02-04,13291.498659831834
2021-02-05,13382.85122786353
2021-02-08,13372.711391491463
2021-02-09,13507.405699931283
2021-02-10,13461.341542601944
2021-02-11,13438.271796349372
2021-02-12,13398.7013856726
2021-02-16,13279.712929765763
2021-02-17,13222.35274639628
2021-02-18,13211.690018902942
2021-02-19,13109.325436313955
2021-02-22,12982.259653670622
2021-02-23,12970.427156411357
2021-02-24,12930.652131529814
2021-02-25,12797.415108827421
2021-02-26,12622.805695994686
2021-03-01,12941.78131080641
2021-03-02,12927.461331327519
2021-03-03,12736.805809913534
2021-03-04,12492.158491377006
2021-03-05,12573.147353625405
2021-03-08,12483.710891501554
2021-03-09,12735.408189777556
2021-03-10,12840.278291349183
2021-03-11,12952.85756590789
2021-03-12,12972.891007818665
2021-03-15,13058.94072834125
2021-03-16,13106.136072259134
2021-03-17,13082.194044513071
2021-03-18,12920.48490460233
2021-03-19,12837.179812878678
2021-03-22,12979.254577953736
2021-03-23,12974.899590880865
2021-03-24,12910.507606804815
2021-03-25,13018.028780163531
2021-03-26,13121.241346018867
2021-03-29,13218.212260159036
2021-03-30,13203.673833255101
2021-03-31,13261.633205138114
2021-04-01,13304.97804436982
2021-04-05,13514.977124675475
2021-04-06,13542.354344191288
2021-04-07,13592.842174601567
2021-04-08,13734.428298833373
2021-04-09,13780.482354201846
2021-04-12,13756.132103076416
2021-04-13,13964.464442286806
2021-04-14,13912.373505802732
2021-04-15,14045.392569263186
2021-04-16,14202.332279348542
2021-04-19,14151.48520121096
2021-04-20,14106.353694362517
2021-04-21,14120.75639884262
2021-04-22,14020.837465202198
2021-04-23,14073.155571377956
2021-04-26,13999.935183258222
2021-04-27,13985.523047111561
2021-04-28,13949.903881731254
2021-04-29,14065.082316944428
2021-04-30,13940.326016347144
2021-05-03,14034.116094645356
2021-05-04,13911.36561936839
2021-05-05,13866.630143715838
2021-05-06,13930.328806455691
2021-05-07,14038.038446056358
2021-05-10,13977.608533429815
2021-05-11,13835.70504288838
2021-05-12,13556.551792598239
2021-05-13,13779.365609151175
2021-05-14,13956.941690617205
2021-05-17,13851.450116638443
2021-05-18,13808.309911826549
2021-05-19,13791.645619611476
2021-05-20,13997.96491908814
2021-05-21,13949.998959765526
2021-05-24,14021.717760539097
2021-05-25,13984.62251733873
2021-05-26,13957.719953637223
2021-05-27,13956.818232907895
2021-05-28,13981.637303870712
2021-06-01,13896.668229736126
2021-06-02,13974.951702957072
2021-06-03,13896.860917296282
2021-06-04,13983.614785217569
2021-06-07,13984.2769075386
2021-06-08,13971.87910613448
2021-06-09,14000.92483452779
2021-06-10,14034.402875665148
2021-06-11,14070.72769577139
2021-06-14,14168.267580706133
2021-06-15,14178.913519724947
2021-06-16,14114.071399909173
2021-06-17,14211.98950254353
2021-06-18,14014.15817385918
2021-06-21,14157.75712871342
2021-06-22,14189.563624608634
2021-06-23,14046.437198929052
2021-06-24,14051.438517281853
2021-06-25,14140.907654321105
2021-06-28,14174.886327683673
2021-06-29,14142.555557460044
2021-06-30,14117.759809647363
2021-07-01,14179.049534502015
2021-07-02,14314.311832524047
2021-07-06,14303.765303886117
2021-07-07,14445.728506311361
2021-07-08,14297.379947638487
2021-07-09,14470.648435598052
2021-07-12,14447.236866076722
2021-07-13,14441.85423103865
2021-07-14,14564.82099477967
2021-07-15,14533.988107359557
2021-07-16,14477.765714955725
2021-07-19,14231.847863144507
2021-07-20,14437.164666276683
2021-07-21,14467.345759806514
2021-07-22,14506.171049567114
2021-07-23,14673.286839340697
2021-07-26,14616.329563358338
2021-07-27,14644.401761232804
2021-07-28,14639.813753208655
2021-07-29,14658.654618644327
2021-07-30,14609.8894175896
2021-08-02,14642.511454765796
2021-08-03,14812.078638034056
2021-08-04,14730.306906999096
2021-08-05,14757.910793993928
2021-08-06,14730.73840983182
2021-08-09,14733.303883375642
2021-08-10,14741.55483766716
2021-08-11,14839.943153940034
2021-08-12,14950.874396229672
2021-08-13,14981.825107070166
2021-08-16,15022.931555363315
2021-08-17,14995.37873688976
2021-08-18,14694.375270511357
2021-08-19,14533.77059920881
2021-08-20,14697.205876375114
2021-08-23,14739.187529320452
2021-08-24,14643.64199205584
2021-08-25,14610.147691001606
2021-08-26,14565.286334392553
2021-08-27,14587.070692464844
2021-08-30,14716.450057764612
2021-08-31,14708.754219600185
2021-09-01,14860.346305708304
2021-09-02,14948.006182658672
2021-09-03,14877.51186359616
2021-09-07,14854.127259750152
2021-09-08,14871.334471285129
2021-09-09,14778.781198785045
2021-09-10,14617.575498517426
2021-09-13,14588.421966408858
2021-09-14,14471.417241100833
2021-09-15,14426.810068254877
2021-09-16,14377.378805759245
2021-09-17,14200.869692507127
2021-09-20,14067.819456580157
2021-09-21,14157.856800627702
2021-09-22,14267.727864721905
2021-09-23,14355.056895032536
2021-09-24,14337.880660016517
2021-09-27,14211.373792953023
2021-09-28,13980.171192223046
2021-09-29,14049.775536549705
2021-09-30,13915.020021445995
2021-10-01,14046.143691822617
2021-10-04,13883.326350054544
2021-10-05,13997.71895129674
2021-10-06,14066.835495752892
2021-10-07,14159.781883141372
2021-10-08,14105.439843608572
2021-10-11,14035.171763752214
2021-10-12,14039.421304470094
2021-10-13,14229.71340124556
2021-10-14,14398.385630706
2021-10-15,14476.522556025111
2021-10-18,14392.535507468367
2021-10-19,14569.696699925971
2021-10-20,14700.469837232047
2021-10-21,14739.672115566427
2021-10-22,14791.880671764166
2021-10-25,14758.300560344742
2021-10-26,14498.81149009317
2021-10-27,14439.878474256222
2021-10-28,14587.545588420851
2021-10-29,14528.546834619405
2021-11-01,14543.57761130068
2021-11-02,14562.28611540229
2021-11-03,14628.041075409954
2021-11-04,14651.655501877935
2021-11-05,14777.251603855988
2021-11-08,14729.816426562444
2021-11-09,14705.345171923087
2021-11-10,14605.291014337485
2021-11-11,14615.15010656613
2021-11-12,14815.947648069623
2021-11-15,14816.801295640496
2021-11-16,14818.8004293356
2021-11-17,14922.13212932766
2021-11-18,15006.877788396434
2021-11-19,15071.855046574114
2021-11-22,15001.155273046577
2021-11-23,15009.938486967128
2021-11-24,15017.310930612268
2021-11-26,14725.908156790403
2021-11-29,14918.197064548913
2021-11-30,14807.61846433243
2021-12-01,14790.959481926575
2021-12-02,14845.36719870252
2021-12-03,14837.86142532224
2021-12-06,15093.749043182757
2021-12-07,15369.73987663425
2021-12-08,15470.955562434792
2021-12-09,15470.71130277595
2021-12-10,15561.156770259888
2021-12-13,15575.940537550121
2021-12-14,15512.246967902593
2021-12-15,15755.456638285845
2021-12-16,15643.550830540973
2021-12-17,15416.752825346171
2021-12-20,15322.754364228915
2021-12-21,15432.113231936937
2021-12-22,15588.98511122813
2021-12-23,15657.457599475534
2021-12-27,15831.517011032667
2021-12-28,15885.363100758274
2021-12-29,15921.266389179704
2021-12-30,15923.501182208278
2021-12-31,15934.357992038515
2022-01-03,15963.247336586863
2022-01-04,15993.804728324993
2022-01-05,15883.223911923591
2022-01-06,15568.51156241922
2022-01-07,15644.859964965914
2022-01-10,15543.524326458795
2022-01-11,15613.805282437066
2022-01-12,15575.747105479762
2022-01-13,15433.324588681697
2022-01-14,15390.186633060932
2022-01-18,15226.906045292008
2022-01-19,15326.836196032698
2022-01-20,15279.175012612812
2022-01-21,15147.898917251765
2022-01-24,15022.348397391994
2022-01-25,14903.573740413916
2022-01-26,14863.658032599502
2022-01-27,15022.673151331062
2022-01-28,15296.283873804803
2022-01-31,15639.2843236174
2022-02-01,15606.590034067798
2022-02-02,15670.169131738043
2022-02-03,15496.723912340982
2022-02-04,15496.308585048291
2022-02-07,15506.424835269656
2022-02-08,15556.35668260686
2022-02-09,15667.073487491603
2022-02-10,15365.362350661824
2022-02-11,15174.52783798775
2022-02-14,15035.97628552494
2022-02-15,15243.308532563808
2022-02-16,15276.97853334639
2022-02-17,15149.051642239845
2022-02-18,15047.31835200805
2022-02-22,14856.055590724392
2022-02-23,14703.219727668322
2022-02-24,14798.082471539832
2022-02-25,15270.832961660297
2022-02-28,15402.762603345041
2022-03-01,15333.83039590879
2022-03-02,15463.906360942328
2022-03-03,15403.665232373967
2022-03-04,15297.265120515154
2022-03-07,15337.6433972598
2022-03-08,15096.635556568943
2022-03-09,15404.682911812173
2022-03-10,15218.97091161892
2022-03-11,15014.800663521959
2022-03-14,15029.674044516987
2022-03-15,15355.977893780559
2022-03-16,15481.627524736692
2022-03-17,15616.507245224226
2022-03-18,15680.78332895291
2022-03-21,15719.43800993051
2022-03-22,15866.26861774813
2022-03-23,15799.00943332587
2022-03-24,15987.867837246165
2022-03-25,16071.746555840966
2022-03-28,16130.818573611057
2022-03-29,16316.259520953665
2022-03-30,16384.291071568165
2022-03-31,16125.071979037482
2022-04-01,16223.235585481947
2022-04-04,16319.014536397934
2022-04-05,16277.524658582071
2022-04-06,16242.846485822229
2022-04-07,16303.818684976844
2022-04-08,16188.58745899026
2022-04-11,15972.477151795463
2022-04-12,16124.033682380194
2022-04-13,16168.174661465224
2022-04-14,16019.585576107842
2022-04-18,15895.635815052834
2022-04-19,16033.721532550113
2022-04-20,16016.018157716124
2022-04-21,15674.93590211775
2022-04-22,15458.736655044091
2022-04-25,15470.89201662915
2022-04-26,15235.56826711744
2022-04-27,15206.076432351316
2022-04-28,15379.615262812269
2022-04-29,15020.949303600819
2022-05-02,14882.577769131769
2022-05-03,14937.95494618211
2022-05-04,15358.624566734403
2022-05-05,14853.815164776119
2022-05-06,14847.859590475737
2022-05-09,14519.61337114588
2022-05-10,14596.833233180556
2022-05-11,14479.085097950929
2022-05-12,14312.95793343795
2022-05-13,14540.690304207454
2022-05-16,14541.094668714339
2022-05-17,14849.016014935145
2022-05-18,14408.935414721916
2022-05-19,14259.071715795246
2022-05-20,14259.058607545072
2022-05-23,14582.710954971702
2022-05-24,14689.111165228749
2022-05-25,14679.83467949068
2022-05-26,14880.211839848407
2022-05-27,15253.150969961265
2022-05-31,15153.129865084267
2022-06-01,15089.46973133144
2022-06-02,15351.843301402425
2022-06-03,15207.986304184244
2022-06-06,15303.456205103697
2022-06-07,15457.049169503687
2022-06-08,15207.015469436112
2022-06-09,14810.93469288429
2022-06-10,14541.18971259275
2022-06-13,14081.604553979987
2022-06-14,13925.522365409295
2022-06-15,14179.301331673187
2022-06-16,13796.529057396181
2022-06-17,13836.10953832203
2022-06-21,14224.215977573305
2022-06-22,14305.178395152896
2022-06-23,14584.097073435152
2022-06-24,14918.737150877483
2022-06-27,14849.710471256734
2022-06-28,14628.420716262593
2022-06-29,14661.785822111355
2022-06-30,14726.857691033189
2022-07-01,14960.444293803243
2022-07-05,14737.775156953834
2022-07-06,14931.444672017646
2022-07-07,15053.875123136984
2022-07-08,15031.327794742692
2022-07-11,14928.88505726912
2022-07-12,14877.35226057371
2022-07-13,14830.37793738167
2022-07-14,14851.972680956369
2022-07-15,14849.076885681072
2022-07-18,14616.170292692077
2022-07-19,14859.349974291072
2022-07-20,14850.009034536548
2022-07-21,14991.613356811333
2022-07-22,15014.701571351188
2022-07-25,15098.257824035782
2022-07-26,14898.610031528811
2022-07-27,15166.866428040383
2022-07-28,15536.15743744605
2022-07-29,15762.498554010663
2022-08-01,15850.014619506288
2022-08-02,15817.922022024355
2022-08-03,16050.968763861129
2022-08-04,16089.219651422674
2022-08-05,16007.59951766248
2022-08-08,15964.198617277989
2022-08-09,16015.954405002109
2022-08-10,16229.706093283266
2022-08-11,16126.698180688616
2022-08-12,16269.396704346775
2022-08-15,16331.123401636012
2022-08-16,16352.024356011289
2022-08-17,16389.74957058177
2022-08-18,16347.322337066656
2022-08-19,16278.643667068985
2022-08-22,15970.821279271051
2022-08-23,15926.166811379531
2022-08-24,15974.235231038416
2022-08-25,16156.4785296324
2022-08-26,15735.574822517532
2022-08-29,15647.40105590313
2022-08-30,15488.686931417915
2022-08-31,15340.915939534434
2022-09-01,15442.25269951546
2022-09-02,15217.880063767285
2022-09-06,15297.898403390704
2022-09-07,15535.221948363007
2022-09-08,15510.358040196388
2022-09-09,15660.354980356677
2022-09-12,15825.141733142547
2022-09-13,15317.269416832205
2022-09-14,15512.961304573413
2022-09-15,15271.643955035386
2022-09-16,15261.216581519218
2022-09-19,15414.420005145877
2022-09-20,15361.379403270095
2022-09-21,15169.571687325217
2022-09-22,15166.877042014583
2022-09-23,14878.95060139847
2022-09-26,14754.890715323952
2022-09-27,14691.530199321678
2022-09-28,14836.115181659536
2022-09-29,14473.543695498207
2022-09-30,14242.259726838553
2022-10-03,14566.508918812504
2022-10-04,15031.148334772191
2022-10-05,14901.08307710422
2022-10-06,14644.558697517354
2022-10-07,14354.838643464409
2022-10-10,14375.749483993834
2022-10-11,14382.594115256657
2022-10-12,14186.577523430191
2022-10-13,14430.396747437362
2022-10-14,14129.92683327121
2022-10-17,14475.904890734668
2022-10-18,14817.274335350745
2022-10-19,14705.965979386463
2022-10-20,14639.159556355555
2022-10-21,14968.018727592209
2022-10-24,15141.617699872982
2022-10-25,15446.825701809865
2022-10-26,15450.424601942625
2022-10-27,15355.31257419799
2022-10-28,15851.658542686677
2022-10-31,15650.691059203096
2022-11-01,15642.184070562384
2022-11-02,15322.809489341926
2022-11-03,15201.121580080671
2022-11-04,15475.150528356864
2022-11-07,15473.542236420386
2022-11-08,15585.285260753764
2022-11-09,15364.82926775529
2022-11-10,16137.194663381482
2022-11-11,16087.886895646638
2022-11-14,15971.384305769707
2022-11-15,16103.797272434653
2022-11-16,16159.950202631006
2022-11-17,16196.377053997812
2022-11-18,16280.100075649405
2022-11-21,16246.106095624687
2022-11-22,16343.588510453259
2022-11-23,16463.26033364921
2022-11-25,16438.60026990812
2022-11-28,16235.712150846093
2022-11-29,16147.797902372668
2022-11-30,16641.826604484275
2022-12-01,16625.45275515855
2022-12-02,16695.83548542372
2022-12-05,16605.761384897716
2022-12-06,16417.526228168867
2022-12-07,16386.928784240004
2022-12-08,16534.923238042957
2022-12-09,16397.64505638963
2022-12-12,16617.300436848935
2022-12-13,16689.899038885433
2022-12-14,16689.630017121755
2022-12-15,16285.978656409421
2022-12-16,16117.767572444822
2022-12-19,15995.847278844336
2022-12-20,16021.279575907813
2022-12-21,16218.881993294039
2022-12-22,15995.331994608125
2022-12-23,16020.568050828408
2022-12-27,16059.73555717245
2022-12-28,15859.15642176432
2022-12-29,16088.357883835637
2022-12-30,15990.970733504519
2023-01-03,15926.82753632614
2023-01-04,16184.943863426373
2023-01-05,15998.486964082897
2023-01-06,16273.13849547352
2023-01-09,16166.489643716588
2023-01-10,16250.157173693739
2023-01-11,16410.564570442704
2023-01-12,16416.932407402965
2023-01-13,16389.559813860462
2023-01-17,16428.623625147033
2023-01-18,16254.90593640717
2023-01-19,16119.893463103273
2023-01-20,16198.66908828004
2023-01-23,16316.265435365476
2023-01-24,16477.551622233415
2023-01-25,16249.473055835964
2023-01-26,16276.484015446895
2023-01-27,16322.243601129469
2023-01-30,16097.42926216965
2023-01-31,16191.492265900708
2023-02-01,16259.89233912028
2023-02-02,16413.6764965743
2023-02-03,16489.98903241278
2023-02-06,16432.615812656713
2023-02-07,16523.247729514984
2023-02-08,16381.217547750372
2023-02-09,16262.066737321895
2023-02-10,16388.08441841904
2023-02-13,16567.782076188007
2023-02-14,16582.377260824516
2023-02-15,16626.928009796342
2023-02-16,16421.781686077433
2023-02-17,16516.140463372856
2023-02-21,16222.61504366574
2023-02-22,16231.622786718552
2023-02-23,16227.155242152156
2023-02-24,16005.037869192336
2023-02-27,16060.56432714839
2023-02-28,15905.084210229092
2023-03-01,15846.082342062611
2023-03-02,16026.085019733971
2023-03-03,16294.166228934826
2023-03-06,16456.498638076147
2023-03-07,16265.90206953369
2023-03-08,16270.935812628824
2023-03-09,16090.305474630879
2023-03-10,16026.861446824905
2023-03-13,16106.004042543058
2023-03-14,16318.999413205463
2023-03-15,16226.988168507063
2023-03-16,16433.984134125436
2023-03-17,16234.982887145148
2023-03-20,16490.29031804167
2023-03-21,16523.372181793133
2023-03-22,16348.945219925175
2023-03-23,16365.829851955845
2023-03-24,16561.52961073168
2023-03-27,16537.02244164588
2023-03-28,16451.61111014525
2023-03-29,16646.22501899358
2023-03-30,16737.10660204097
2023-03-31,16900.917575411946
2023-04-03,17066.846548834703
2023-04-04,17159.434803686676
2023-04-05,17301.201703565566
2023-04-06,17274.711435109748
2023-04-10,17220.718520500355
2023-04-11,17181.697741749485
2023-04-12,17289.902964719065
2023-04-13,17619.523931225813
2023-04-14,17535.06238676443
2023-04-17,17458.12638485008
2023-04-18,17510.522166414183
2023-04-19,17575.246022811523
2023-04-20,17574.526318946602
2023-04-21,17548.388707560727
2023-04-24,17551.379399021367
2023-04-25,17364.89552553484
2023-04-26,17013.50845024577
2023-04-27,17281.778981617812
2023-04-28,17304.28283903563
2023-05-01,17332.860767762402
2023-05-02,17246.246795697407
2023-05-03,17131.032004433237
2023-05-04,17068.07192281533
2023-05-05,17275.95015129398
2023-05-08,17282.829673445987
2023-05-09,17169.355016171045
2023-05-10,17261.484960826063
2023-05-11,17239.870983853823
2023-05-12,17274.518629231196
2023-05-15,17220.040938286027
2023-05-16,17067.50041383205
2023-05-17,17134.64233344463
2023-05-18,17106.88292010788
2023-05-19,17107.73059733248
2023-05-22,17084.628988349432
2023-05-23,16793.26684640739
2023-05-24,16739.648079124574
2023-05-25,16642.3941976901
2023-05-26,16849.165525944496
2023-05-30,16793.707657471306
2023-05-31,16750.487235443477
2023-06-01,16789.106454499164
2023-06-02,17015.04861739727
2023-06-05,16942.30010836534
2023-06-06,16939.203843116095
2023-06-07,16962.39025081876
2023-06-08,17170.716573462687
2023-06-09,17122.798842436507
2023-06-12,17228.562256029734
2023-06-13,17223.137014561107
2023-06-14,17247.42317415789
2023-06-15,17427.821503780233
2023-06-16,17577.91516437444
2023-06-20,17448.64861463439
2023-06-21,17521.709009565453
2023-06-22,17567.521959548892
2023-06-23,17422.33729754659
2023-06-26,17334.49400834488
2023-06-27,17421.148318324977
2023-06-28,17397.324156700357
2023-06-29,17474.380741073677
2023-06-30,17716.878111787322
2023-07-03,17629.901040651966
2023-07-05,17575.913237149718
2023-07-06,17352.869797400686
2023-07-07,17259.88995705483
2023-07-10,17260.964204390675
2023-07-11,17388.948523723273
2023-07-12,17537.818634637726
2023-07-13,17687.60443881332
2023-07-14,17719.05963479258
2023-07-17,17671.40354476263
2023-07-18,17528.362702542934
2023-07-19,17458.6668872729
2023-07-20,17758.855325871056
2023-07-21,17911.20192662134
2023-07-24,17886.55490647202
2023-07-25,17764.707325747702
2023-07-26,17690.948968328572
2023-07-27,17639.839427193852
2023-07-28,17741.433638357616
2023-07-31,17629.31040690438
2023-08-01,17555.158176837576
2023-08-02,17400.602311618328
2023-08-03,17293.012823529432
2023-08-04,17037.27443182852
2023-08-07,17110.44420998949
2023-08-08,17088.44095519134
2023-08-09,17082.29525569453
2023-08-10,17095.991080234675
2023-08-11,17154.14452364361
2023-08-14,17103.69033693787
2023-08-15,16872.61360530194
2023-08-16,16843.53232937013
2023-08-17,16760.11501063033
2023-08-18,16762.769896085818
2023-08-21,16711.247021823267
2023-08-22,16731.0754985464
2023-08-23,16826.835127343915
2023-08-24,16642.474854088538
2023-08-25,16794.886469283716
2023-08-28,16849.709167882822
2023-08-29,16963.911339620536
2023-08-30,17000.707509542557
2023-08-31,16817.590730582026
2023-09-01,16776.848563279593
2023-09-05,16635.413376897166
2023-09-06,16169.98136801905
2023-09-07,16127.645550845244
2023-09-08,16219.711717581904
2023-09-11,16330.063961432339
2023-09-12,16234.209711114128
2023-09-13,16215.270971947193
2023-09-14,16384.5925220451
2023-09-15,16323.434194814612
2023-09-18,16375.671488784776
2023-09-19,16316.340227092027
2023-09-20,16218.067074433267
2023-09-21,16042.709921511494
2023-09-22,16052.897717805092
2023-09-25,15981.214408519922
2023-09-26,15681.026095590669
2023-09-27,15337.074285725019
2023-09-28,15259.299221768713
2023-09-29,15274.0008150302
2023-10-02,14991.607354048361
2023-10-03,14948.175037710098
2023-10-04,14886.187777654373
2023-10-05,14884.185357335171
2023-10-06,15065.774756636149
2023-10-09,15242.688651322747
2023-10-10,15308.21596641951
2023-10-11,15340.259490547749
2023-10-12,15226.087497238892
2023-10-13,15281.683352304271
2023-10-16,15340.91095131968
2023-10-17,15278.428483794321
2023-10-18,15148.015937314553
2023-10-19,15118.627994413315
2023-10-20,15029.980534777369
2023-10-23,15017.48982921074
2023-10-24,15247.555109688574
2023-10-25,15287.744517408946
2023-10-26,15155.116457128772
2023-10-27,15002.822796046801
2023-10-30,15222.548053278622
2023-10-31,15385.844266947179
2023-11-01,15445.768219367334
2023-11-02,15783.47007140194
2023-11-03,15761.635197483429
2023-11-06,15754.15443875953
2023-11-07,15735.362865050058
2023-11-08,15693.33813290764
2023-11-09,15482.241391517557
2023-11-10,15508.565016033217
2023-11-13,15441.863088014843
2023-11-14,15788.301373298093
2023-11-15,15839.486098969901
2023-11-16,15821.084380633007
2023-11-17,15889.858991021503
2023-11-20,15994.84001354095
2023-11-21,16000.884035667641
2023-11-22,16044.637432743826
2023-11-24,16062.272486586493
2023-11-27,15946.514428107446
2023-11-28,15954.766296382073
2023-11-29,15972.235013247418
2023-11-30,16118.30450703261
2023-12-01,16257.622059912637
2023-12-04,16220.402369923762
2023-12-05,16276.607662296492
2023-12-06,16362.727113963225
2023-12-07,16341.426358903027
2023-12-08,16447.662980184334
2023-12-11,16448.882698774298
2023-12-12,16441.456392858152
2023-12-13,16742.364979187205
2023-12-14,16790.598097432943
2023-12-15,16609.44163890544
2023-12-18,16591.77994463496
2023-12-19,16704.290645363813
2023-12-20,16422.936274134547
2023-12-21,16533.313463534236
2023-12-22,16500.56314898469
2023-12-26,16578.78973992302
2023-12-27,16587.940901995527
2023-12-28,16607.746320828202
2023-12-29,16602.727440481412
2024-01-02,16532.334714201595
2024-01-03,16441.519851690726
2024-01-04,16383.951610022094
2024-01-05,16350.999813158327
2024-01-08,16531.299888260906
2024-01-09,16382.180319423338
2024-01-10,16447.875039258237
2024-01-11,16292.322118400392
2024-01-12,16371.905302535619
2024-01-16,16161.843822226625
2024-01-17,15956.861817845007
2024-01-18,16138.032608487141
2024-01-19,16165.259485434532
2024-01-22,16194.475255979192
2024-01-23,16085.102891893608
2024-01-24,16062.424161648774
2024-01-25,16270.761101664237
2024-01-26,16493.66531773271
2024-01-29,16549.443494573436
2024-01-30,16500.644902151555
2024-01-31,16317.670436088458
2024-02-01,16461.930837096384
2024-02-02,16284.226378784928
2024-02-05,16142.57703133131
2024-02-06,16274.388562968188
2024-02-07,16329.770368134594
2024-02-08,16316.45467065721
2024-02-09,16390.334064884286
2024-02-12,16475.861172518948
2024-02-13,16163.654708472388
2024-02-14,16161.676906990637
2024-02-15,16375.324764432933
2024-02-16,16313.851152413077
2024-02-20,16347.1025547626
2024-02-21,16462.270751331336
2024-02-22,16576.811955193753
2024-02-23,16623.218560566424
2024-02-26,16479.028914794515
2024-02-27,16568.639097742063
2024-02-28,16542.646831384354
2024-02-29,16505.29301849218
2024-03-01,16504.95584379903
2024-03-04,16372.84388554084
2024-03-05,16257.626589658144
2024-03-06,16281.414197638609
2024-03-07,16338.978655485884
2024-03-08,16488.798968005387
2024-03-11,16616.009489975604
2024-03-12,16650.038511569484
2024-03-13,16748.82524037766
2024-03-14,16767.859049942163
2024-03-15,16739.8440240532
2024-03-18,16666.536677373402
2024-03-19,16674.02965557944
2024-03-20,16916.888483674713
2024-03-21,16692.317600962968
2024-03-22,16666.511590210288
2024-03-25,16681.59182530386
2024-03-26,16580.465741051466
2024-03-27,16957.46266386807
2024-03-28,16938.76388997402
2024-04-01,16837.727570955092
2024-04-02,16737.66384831295
2024-04-03,16615.512629720095
2024-04-04,16624.28001372972
2024-04-05,16645.539339871015
2024-04-08,16665.0010266487
2024-04-09,16659.530160174654
2024-04-10,16474.138488160675
2024-04-11,16603.852235720246
2024-04-12,16434.5856169254
2024-04-15,16401.219825590848
2024-04-16,16324.034092729418
2024-04-17,16398.016866805774
2024-04-18,16401.90082114348
2024-04-19,16473.930768203758
2024-04-22,16565.279258333638
2024-04-23,16689.681770210012
2024-04-24,16716.73451726803
2024-04-25,16681.32609375981
2024-04-26,16611.273627618684
2024-04-29,16780.89557201225
2024-04-30,16570.510869571786
2024-05-01,16757.24087607188
2024-05-02,16844.33955394366
2024-05-03,17157.696548061103
2024-05-06,17181.535804659834
2024-05-07,17285.144036124686
2024-05-08,17328.809536698012
2024-05-09,17489.25869475786
2024-05-10,17420.831274695603
2024-05-13,17546.511361549234
2024-05-14,17652.129907093746
2024-05-15,17763.849768150034
2024-05-16,17760.497450463783
2024-05-17,17768.068723001565
2024-05-20,17703.905830509913
2024-05-21,17740.027485818562
2024-05-22,17655.644831707283
2024-05-23,17406.941741904768
2024-05-24,17500.393135187474
2024-05-28,17385.519632655105
2024-05-29,17196.25283311245
2024-05-30,17420.142516794498
2024-05-31,17663.67415981179
2024-06-03,17642.200130219477
2024-06-04,17634.417904049333
2024-06-05,17676.91935878823
2024-06-06,17699.897705464413
2024-06-07,17679.112829072277
2024-06-10,17588.417403437437
2024-06-11,17559.95790891391
2024-06-12,17577.949257134886
2024-06-13,17606.22962651234
2024-06-14,17471.254585665552
2024-06-17,17570.74271312361
2024-06-18,17381.802680201094
2024-06-20,17507.966957029108
2024-06-21,17539.57312713411
2024-06-24,17683.77933646297
2024-06-25,17661.691089876924
2024-06-26,17664.256638071125
2024-06-27,17617.418004666462
2024-06-28,17434.367762619662
2024-07-01,17491.42993640136
2024-07-02,17566.216464647197
2024-07-03,17672.776292272258
2024-07-05,17781.99041759935
2024-07-08,17660.0022567976
2024-07-09,17646.383950277097
2024-07-10,17889.14054868418
2024-07-11,17957.606865516445
2024-07-12,18199.96352513958
2024-07-15,17886.00702839361
2024-07-16,17977.83187430021
2024-07-17,18008.231147667313
2024-07-18,17937.576607181963
2024-07-19,17872.76417182269
2024-07-22,18000.18550870765
2024-07-23,17993.83406565074
2024-07-24,18144.817851748703
2024-07-25,18176.254196400198
2024-07-26,18307.825076772086
2024-07-29,18238.373661492376
2024-07-30,18340.357246890504
2024-07-31,18439.321267996405
2024-08-01,18523.1418099993
2024-08-02,18671.94234324458
2024-08-05,18234.43954619545
2024-08-06,18129.42185536591
2024-08-07,18231.487303561906
2024-08-08,18422.06446007228
2024-08-09,18491.105678267817
2024-08-12,18534.450713374983
2024-08-13,18644.359079389094
2024-08-14,18727.61795538308
2024-08-15,18800.276651010132
2024-08-16,18913.038050168536
2024-08-19,19052.192739679886
2024-08-20,19076.9001632315
2024-08-21,19136.186311171467
2024-08-22,19070.954010630678
2024-08-23,19241.397413475486
2024-08-26,19317.093825148146
2024-08-27,19229.84000001846
2024-08-28,19192.560736750853
2024-08-29,19349.11475925543
2024-08-30,19417.983162879475
2024-09-03,19292.879663563006
2024-09-04,19231.875394158105
2024-09-05,18993.251823280447
2024-09-06,18876.727183781917
2024-09-09,19074.532493681614
2024-09-10,19070.771065096604
2024-09-11,19066.52050628016
2024-09-12,19068.495327083678
2024-09-13,19151.61921528655
2024-09-16,19106.972685428864
2024-09-17,19084.390971292116
2024-09-18,19044.422186972497
2024-09-19,19177.38234691809
2024-09-20,19090.500484864817
2024-09-23,19178.26759343133
2024-09-24,19319.942149369093
2024-09-25,19249.698324257395
2024-09-26,19655.991841017818
2024-09-27,19831.12359467925
2024-09-30,19884.56147480303
2024-10-01,19787.711891534942
2024-10-02,19772.800271600277
2024-10-03,19688.384165459658
2024-10-04,19665.5827306794
2024-10-07,19453.783645744978
2024-10-08,19444.564024361734
2024-10-09,19500.740348307107
2024-10-10,19455.803050228857
2024-10-11,19513.688912824204
2024-10-14,19579.186799558058
2024-10-15,19328.832929165168
2024-10-16,19480.799982339446
2024-10-17,19462.688681287196
2024-10-18,19696.717135379706
2024-10-21,19585.894094112286
2024-10-22,19364.60027447981
2024-10-23,19315.5829992082
2024-10-24,19227.336929613
2024-10-25,19069.174740270293
2024-10-28,19210.925126655464
2024-10-29,18935.901114082633
2024-10-30,18805.83672194291
2024-10-31,18684.137168534537
2024-11-01,18521.359730830794
2024-11-04,18488.09124536824
2024-11-05,18555.239480766337
2024-11-06,18307.298593528594
2024-11-07,18516.370434905264
2024-11-08,18532.863332036068
2024-11-11,18413.103873844797
2024-11-12,18091.969741109457
2024-11-13,18047.373856214886
2024-11-14,18034.27906037956
2024-11-15,18075.64460710923
2024-11-18,18154.6528145402
2024-11-19,18107.45121174139
2024-11-20,18097.2232098978
2024-11-21,18184.97952689865
2024-11-22,18183.699871793222
2024-11-25,18220.67903902411
2024-11-26,18310.924183190382
2024-11-27,18416.271341435695
2024-11-29,18493.582169507506
2024-12-02,18503.224426698478
2024-12-03,18453.00879119476
2024-12-04,18358.87715323725
2024-12-05,18398.14481156149
2024-12-06,18461.629556523527
2024-12-09,18597.299327689754
2024-12-10,18477.333725292778
2024-12-11,18379.87438665775
2024-12-12,18258.870849600844
2024-12-13,18261.92608160986
2024-12-16,18130.07373352099
2024-12-17,18219.32813640903
2024-12-18,17860.745039543246
2024-12-19,17810.67431149672
2024-12-20,18079.436967734884
2024-12-23,18164.49634414472
2024-12-24,18270.822203246724
2024-12-26,18268.521305638995
2024-12-27,18179.838882161916
2024-12-30,18000.05513353163
